start,word
00:00:01:003,"Hello,"
00:00:02:000,my
00:00:02:003,loyal
00:00:02:011,subjects.
00:00:03:009,King
00:00:03:014,Crappy
00:00:04:002,here
00:00:04:011,and
00:00:04:016,my
00:00:04:021,condolences
00:00:05:020,to
00:00:06:002,"you,"
00:00:06:012,because
00:00:06:020,you've
00:00:07:010,just
00:00:07:014,been
00:00:07:021,promoted
00:00:08:010,to
00:00:08:016,the
00:00:08:020,worst
00:00:09:003,management
00:00:09:016,job
00:00:10:000,since
00:00:10:009,God
00:00:10:014,tried
00:00:10:022,to
00:00:11:003,supervise
00:00:11:015,Adam
00:00:11:020,and
00:00:11:023,"Eve,"
00:00:12:013,and
00:00:12:015,they
00:00:12:019,immediately
00:00:13:005,started
00:00:13:016,touching
00:00:14:002,things.
00:00:15:004,Your
00:00:15:012,convent
00:00:16:004,isn't
00:00:16:016,"holy,"
00:00:17:007,it
00:00:17:010,smells
00:00:17:018,like
00:00:18:003,warm
00:00:18:012,"wine,"
00:00:19:008,cheap
00:00:19:011,"perfume,"
00:00:20:005,and
00:00:20:007,decisions
00:00:20:019,nobody
00:00:21:012,would
00:00:22:000,admit
00:00:22:005,to
00:00:22:010,in
00:00:22:013,daylight.
00:00:29:003,The
00:00:29:018,beds
00:00:29:023,This
00:00:29:023,is
00:00:30:005,your
00:00:30:015,tragic
00:00:31:000,life
00:00:31:011,as
00:00:31:019,the
00:00:32:000,brothel
00:00:32:010,madame
00:00:32:019,or
00:00:33:002,Lady
00:00:33:013,Abbas
00:00:33:022,is
00:00:34:003,some
00:00:34:009,like
00:00:34:012,to
00:00:34:017,call
00:00:34:022,"you,"
00:00:35:007,so
00:00:35:015,lace
00:00:35:023,up
00:00:36:003,tight
00:00:36:009,because
00:00:36:018,even
00:00:37:000,your
00:00:37:005,corsets
00:00:37:018,about
00:00:38:000,to
00:00:38:005,give
00:00:38:008,up
00:00:38:013,before
00:00:38:022,you
00:00:39:008,do.
00:00:40:022,Chapter
00:00:41:009,1
00:00:41:020,The
00:00:42:006,worst
00:00:42:017,promotion
00:00:43:007,you'll
00:00:43:018,ever
00:00:44:002,get.
00:00:45:003,Nobody
00:00:45:016,becomes
00:00:46:002,a
00:00:46:008,brothel
00:00:46:017,abbas
00:00:47:000,because
00:00:47:008,they
00:00:47:016,felt
00:00:48:004,called.
00:00:49:001,You
00:00:49:006,get
00:00:49:011,the
00:00:49:014,job
00:00:49:020,when
00:00:50:001,your
00:00:50:005,knees
00:00:50:009,start
00:00:50:016,creaking
00:00:51:003,louder
00:00:51:010,than
00:00:51:015,the
00:00:51:018,beds
00:00:51:023,upstairs
00:00:52:008,and
00:00:52:014,the
00:00:52:017,clients
00:00:53:000,stop
00:00:53:009,chasing
00:00:53:019,you.
00:00:54:010,Once
00:00:54:019,you
00:00:55:001,were
00:00:55:004,the
00:00:55:006,main
00:00:55:011,"attraction,"
00:00:56:002,the
00:00:56:004,fresh
00:00:56:011,"face,"
00:00:56:021,the
00:00:56:023,reason
00:00:57:005,half
00:00:57:012,the
00:00:57:018,town
00:00:58:001,changed
00:00:58:012,bedsheets
00:00:58:023,at
00:00:59:003,night.
00:00:59:020,You
00:01:00:001,were
00:01:00:005,the
00:01:00:008,miracle
00:01:00:016,treatment
00:01:01:005,for
00:01:01:016,lonely
00:01:02:001,blacksmiths
00:01:02:018,and
00:01:02:020,apprentices
00:01:03:005,who
00:01:03:019,didn't
00:01:04:005,know
00:01:04:010,where
00:01:04:016,anything
00:01:05:002,was.
00:01:06:000,Now
00:01:06:007,the
00:01:06:013,new
00:01:06:019,girls
00:01:07:003,call
00:01:07:010,you
00:01:07:020,"Madame,"
00:01:08:016,with
00:01:08:018,that
00:01:08:023,sweet
00:01:09:006,tone
00:01:09:015,young
00:01:09:022,people
00:01:10:005,use
00:01:10:014,right
00:01:10:020,before
00:01:11:004,stealing
00:01:11:015,your
00:01:11:021,customers.
00:01:13:000,One
00:01:13:006,night
00:01:13:012,the
00:01:13:016,old
00:01:13:020,Abbas
00:01:14:003,is
00:01:14:009,slumped
00:01:14:017,over
00:01:14:021,the
00:01:15:000,"counter,"
00:01:15:015,half
00:01:15:018,"drunk,"
00:01:16:010,half
00:01:16:014,"decomposing,"
00:01:17:015,smelling
00:01:17:021,like
00:01:18:006,expired
00:01:18:020,regret.
00:01:19:020,She
00:01:20:002,shoves
00:01:20:011,a
00:01:20:014,crusty
00:01:21:003,key
00:01:21:008,and
00:01:21:012,a
00:01:21:015,ledger
00:01:22:000,stained
00:01:22:009,with
00:01:22:018,something
00:01:23:007,sticky
00:01:23:021,into
00:01:24:009,your
00:01:24:015,"hands,"
00:01:25:011,burps
00:01:25:017,out
00:01:25:023,a
00:01:26:001,ghost
00:01:26:007,and
00:01:26:013,"mumbles,"
00:01:30:004,You
00:01:30:018,go
00:01:31:000,from
00:01:31:007,getting
00:01:31:013,handled
00:01:32:002,to
00:01:32:012,handling
00:01:33:001,everyone's
00:01:33:015,"disasters,"
00:01:34:011,including
00:01:34:021,yours.
00:01:35:020,Every
00:01:36:007,broken
00:01:36:018,bed
00:01:37:000,"frame,"
00:01:37:011,every
00:01:37:019,missing
00:01:38:003,coin
00:01:38:011,"purse,"
00:01:39:001,every
00:01:39:007,girl
00:01:39:016,crying
00:01:40:001,because
00:01:40:008,a
00:01:40:011,client
00:01:40:018,took
00:01:40:022,his
00:01:41:001,pants
00:01:41:006,off
00:01:41:012,and
00:01:41:016,revealed
00:01:41:021,a
00:01:42:002,war
00:01:42:006,crime
00:01:42:015,is
00:01:43:001,suddenly
00:01:43:012,your
00:01:44:003,problem.
00:01:45:006,You
00:01:45:013,run
00:01:45:017,the
00:01:45:021,"girls,"
00:01:46:009,you
00:01:46:011,argue
00:01:46:017,with
00:01:46:023,"clients,"
00:01:47:011,you
00:01:47:012,fight
00:01:47:018,suppliers
00:01:48:006,about
00:01:48:011,why
00:01:48:016,the
00:01:48:019,wine
00:01:49:002,tastes
00:01:49:008,like
00:01:49:014,wet
00:01:49:018,"socks,"
00:01:50:012,and
00:01:50:015,you
00:01:50:020,pray
00:01:51:003,nobody
00:01:51:014,breaks
00:01:52:001,a
00:01:52:005,floor
00:01:52:010,board
00:01:52:016,mid
00:01:52:021,-session
00:01:53:006,because
00:01:53:013,the
00:01:53:019,less
00:01:53:023,The
00:01:54:001,best
00:01:54:001,thing
00:01:54:004,you
00:01:54:009,need
00:01:54:016,is
00:01:55:001,a
00:01:55:004,trouserless
00:01:55:016,man
00:01:55:023,falling
00:01:56:009,through
00:01:56:015,the
00:01:56:019,ceiling.
00:01:57:019,You're
00:01:58:002,too
00:01:58:006,old
00:01:58:012,to
00:01:58:016,be
00:01:58:019,the
00:01:58:022,entertainment
00:01:59:011,and
00:01:59:018,too
00:01:59:022,alive
00:02:00:006,to
00:02:00:012,be
00:02:00:015,a
00:02:00:017,"corpse,"
00:02:01:012,so
00:02:01:014,they
00:02:01:020,dump
00:02:02:002,you
00:02:02:007,in
00:02:02:009,management.
00:02:03:004,No
00:02:03:007,pay
00:02:03:012,"rise,"
00:02:04:000,just
00:02:04:003,new
00:02:04:011,wrinkles
00:02:04:018,and
00:02:05:000,stress
00:02:05:006,in
00:02:05:011,places
00:02:05:018,you
00:02:05:023,didn't
00:02:06:003,know
00:02:06:007,you
00:02:06:010,could
00:02:06:014,clench.
00:02:07:015,You
00:02:07:020,go
00:02:08:000,from
00:02:08:006,favourite
00:02:08:019,to
00:02:09:004,"responsible,"
00:02:10:006,which
00:02:10:009,is
00:02:10:013,just
00:02:10:018,medieval
00:02:11:003,slang
00:02:11:016,for
00:02:12:000,everyone
00:02:12:014,blamed
00:02:12:021,you
00:02:13:004,when
00:02:13:008,something
00:02:13:016,catches
00:02:14:000,"fire,"
00:02:14:016,including
00:02:14:023,the
00:02:15:004,bishop
00:02:15:010,who
00:02:15:018,bought
00:02:16:000,the
00:02:16:003,matches.
00:02:17:001,And
00:02:17:007,speaking
00:02:17:018,of
00:02:18:001,the
00:02:18:005,"bishop,"
00:02:19:001,get
00:02:19:004,ready
00:02:19:014,because
00:02:20:000,your
00:02:20:007,holy
00:02:20:016,workplace
00:02:21:005,is
00:02:21:017,about
00:02:21:023,to
00:02:22:003,get
00:02:22:006,a
00:02:22:012,whole
00:02:22:018,lot
00:02:23:000,filfier.
00:02:24:003,CHAPTER
00:02:24:017,2.
00:02:25:013,Sothec!
00:02:26:008,God's
00:02:26:017,favourite
00:02:27:003,sin
00:02:27:012,district.
00:02:28:016,Your
00:02:29:000,kingdom
00:02:29:012,is
00:02:29:018,Sothec.
00:02:30:012,That
00:02:30:015,cute
00:02:30:023,little
00:02:31:005,patch
00:02:31:010,of
00:02:31:015,land
00:02:31:022,London
00:02:32:007,pretends
00:02:32:018,not
00:02:33:000,to
00:02:33:005,"know,"
00:02:33:019,like
00:02:33:023,an
00:02:34:003,embarrassing
00:02:34:012,ex
00:02:34:020,who
00:02:35:001,keeps
00:02:35:008,texting
00:02:35:015,at
00:02:35:020,two
00:02:36:000,in
00:02:36:003,the
00:02:36:004,morning.
00:02:37:002,The
00:02:37:007,city
00:02:37:015,keeps
00:02:37:022,all
00:02:38:006,the
00:02:38:009,"churches,"
00:02:39:001,guilds
00:02:39:010,and
00:02:39:013,moral
00:02:39:019,purity
00:02:40:007,on
00:02:40:013,their
00:02:40:021,side
00:02:41:005,of
00:02:41:008,the
00:02:41:012,river.
00:02:42:003,While
00:02:42:008,your
00:02:42:013,side
00:02:43:000,has
00:02:43:008,"taverns,"
00:02:44:000,gambling
00:02:44:006,"dens,"
00:02:44:020,bear
00:02:44:023,baiting
00:02:45:009,"pits,"
00:02:45:023,theatres
00:02:46:010,and
00:02:46:014,at
00:02:46:017,least
00:02:46:021,five
00:02:47:011,smells
00:02:47:019,strong
00:02:48:007,enough
00:02:48:011,to
00:02:48:016,peel
00:02:48:020,paint
00:02:49:003,and
00:02:49:014,make
00:02:49:019,a
00:02:49:022,grown
00:02:50:003,man
00:02:50:009,question
00:02:50:021,his
00:02:51:000,faith.
00:02:51:005,It's
00:02:52:004,basically
00:02:52:015,the
00:02:52:021,world's
00:02:53:007,first
00:02:53:016,adult
00:02:53:023,entertainment
00:02:54:010,park
00:02:54:021,just
00:02:55:003,without
00:02:55:011,rides
00:02:55:021,that
00:02:56:003,pass
00:02:56:009,safety
00:02:56:018,checks.
00:02:57:011,Right
00:02:57:014,in
00:02:57:022,the
00:02:58:001,"middle,"
00:02:58:008,sits
00:02:58:015,your
00:02:58:022,"brothel,"
00:02:59:016,one
00:02:59:019,of
00:02:59:021,the
00:03:00:000,iconic
00:03:00:010,stews
00:03:01:004,lovingly
00:03:01:021,licensed
00:03:02:012,by
00:03:02:021,the
00:03:03:000,Bishop
00:03:03:007,of
00:03:03:012,"Winchester,"
00:03:04:010,a
00:03:04:012,man
00:03:04:015,of
00:03:04:019,God
00:03:05:002,with
00:03:05:007,a
00:03:05:011,rosary
00:03:05:021,on
00:03:06:000,his
00:03:06:004,chest
00:03:06:010,and
00:03:06:014,your
00:03:06:019,rent
00:03:07:000,money
00:03:07:006,tucked
00:03:07:012,right
00:03:07:019,between
00:03:08:003,his
00:03:08:010,holy
00:03:08:017,man
00:03:08:023,boobs.
00:03:09:017,He
00:03:10:005,pretends
00:03:10:019,to
00:03:11:000,be
00:03:11:002,shocked
00:03:11:011,by
00:03:11:017,"vice,"
00:03:12:009,but
00:03:12:012,the
00:03:12:015,man
00:03:12:022,is
00:03:13:002,running
00:03:13:008,England's
00:03:13:022,first
00:03:14:002,spiritual
00:03:14:015,strip
00:03:15:000,mall
00:03:15:005,of
00:03:15:009,sin.
00:03:15:015,He's
00:03:16:003,got
00:03:16:006,ordinances
00:03:16:022,too.
00:03:17:018,No
00:03:17:022,"nuns,"
00:03:18:013,no
00:03:18:016,"wives,"
00:03:19:008,no
00:03:19:011,dragging
00:03:19:019,customers
00:03:20:006,inside
00:03:20:017,by
00:03:20:022,the
00:03:21:001,collar.
00:03:21:018,No
00:03:21:021,girls
00:03:22:005,working
00:03:22:015,if
00:03:22:020,their
00:03:23:000,neathers
00:03:23:008,are
00:03:23:011,glowing
00:03:23:017,like
00:03:23:022,a
00:03:24:002,warning
00:03:24:009,lantern.
00:03:25:006,"Also,"
00:03:25:019,clothes
00:03:25:023,on
00:03:26:002,Sundays
00:03:26:012,for
00:03:26:018,Jesus
00:03:27:001,and
00:03:27:012,don't
00:03:27:020,overcharge
00:03:28:008,for
00:03:28:014,rooms
00:03:28:021,unless
00:03:29:008,the
00:03:29:015,client
00:03:30:000,deserves
00:03:30:009,it.
00:03:31:003,There's
00:03:31:011,even
00:03:31:018,a
00:03:31:021,professional
00:03:32:009,conduct
00:03:32:020,"line,"
00:03:33:012,which
00:03:33:017,is
00:03:33:021,hilarious
00:03:34:010,because
00:03:34:019,the
00:03:34:023,only
00:03:35:005,thing
00:03:35:010,professional
00:03:36:000,about
00:03:36:006,this
00:03:36:013,place
00:03:36:022,is
00:03:37:010,how
00:03:37:014,fast
00:03:37:021,everyone
00:03:38:009,can
00:03:38:016,get
00:03:38:023,undressed.
00:03:39:010,And
00:03:40:008,every
00:03:40:016,time
00:03:41:000,a
00:03:41:004,new
00:03:41:007,girl
00:03:41:014,"joins,"
00:03:42:009,he
00:03:42:012,gives
00:03:42:017,the
00:03:42:023,same
00:03:43:005,HR
00:03:43:015,speech
00:03:43:023,about
00:03:44:010,maintaining
00:03:45:010,boundaries
00:03:46:001,right
00:03:46:016,before
00:03:47:001,disappearing
00:03:47:016,behind
00:03:48:000,the
00:03:48:005,curtains
00:03:48:012,to
00:03:48:021,help
00:03:49:012,with
00:03:49:020,"training,"
00:03:50:015,which
00:03:50:020,is
00:03:51:000,code
00:03:51:006,for
00:03:51:010,him
00:03:51:013,checking
00:03:51:022,flexibility
00:03:52:011,like
00:03:53:000,he's
00:03:53:005,hiring
00:03:53:012,for
00:03:53:018,the
00:03:53:022,Olympics.
00:03:55:000,"Also,"
00:03:55:014,you
00:03:55:017,can't
00:03:56:001,sell
00:03:56:005,food
00:03:56:012,or
00:03:56:017,drink
00:03:56:023,inside
00:03:57:007,the
00:03:57:012,"brothel,"
00:03:58:004,so
00:03:58:006,you
00:03:58:011,just
00:03:58:014,open
00:03:58:023,a
00:03:59:003,tavern
00:03:59:011,next
00:03:59:017,door
00:03:59:023,and
00:04:00:002,connect
00:04:00:008,it
00:04:00:014,with
00:04:00:017,a
00:04:00:020,secret
00:04:01:004,back
00:04:01:010,"door,"
00:04:02:003,medieval
00:04:02:010,door
00:04:02:020,dash
00:04:03:002,for
00:04:03:007,people
00:04:03:012,who
00:04:03:016,need
00:04:03:021,ale
00:04:04:003,before
00:04:04:012,round
00:04:04:020,two.
00:04:05:003,2.
00:04:06:000,By
00:04:06:006,"day,"
00:04:07:000,the
00:04:07:002,preachers
00:04:07:015,scream
00:04:08:000,about
00:04:08:007,the
00:04:08:013,wicked
00:04:08:021,stews
00:04:09:014,of
00:04:09:016,Sothek.
00:04:10:018,By
00:04:10:023,"night,"
00:04:11:012,those
00:04:11:016,same
00:04:12:002,preachers
00:04:12:016,are
00:04:12:018,pounding
00:04:13:001,on
00:04:13:005,your
00:04:13:010,door
00:04:13:016,like
00:04:13:021,God
00:04:14:003,sent
00:04:14:009,"them,"
00:04:14:020,asking
00:04:15:001,if
00:04:15:007,sister
00:04:15:017,marjorie
00:04:16:006,is
00:04:16:010,available
00:04:16:018,for
00:04:17:000,candlelit
00:04:17:011,confessions.
00:04:18:018,And
00:04:19:000,if
00:04:19:003,you
00:04:19:006,think
00:04:19:011,this
00:04:19:018,circus
00:04:20:006,of
00:04:20:011,holy
00:04:20:016,hypocrisy
00:04:21:006,is
00:04:21:010,chaotic
00:04:21:017,"now,"
00:04:22:017,wait
00:04:22:020,till
00:04:23:001,you
00:04:23:003,start
00:04:23:010,recruiting
00:04:23:021,the
00:04:24:004,girls.
00:04:26:017,3.
00:04:27:007,Recruiting
00:04:27:020,Your
00:04:28:006,Nuns
00:04:29:020,So
00:04:30:012,you're
00:04:30:019,not
00:04:30:021,hiring
00:04:31:005,"maids,"
00:04:31:020,you're
00:04:31:022,assembling
00:04:32:008,a
00:04:32:015,holy
00:04:33:001,sisterhood
00:04:33:017,out
00:04:33:023,of
00:04:34:002,"debt,"
00:04:34:017,"disappointment,"
00:04:35:015,and
00:04:35:017,women
00:04:36:001,who
00:04:36:006,ran
00:04:36:011,out
00:04:36:015,of
00:04:36:020,better
00:04:37:000,options
00:04:37:011,three
00:04:37:021,heartbreaks
00:04:38:007,ago.
00:04:39:005,Your
00:04:39:012,job
00:04:39:018,is
00:04:39:022,basically
00:04:40:008,running
00:04:40:015,a
00:04:40:018,convent
00:04:41:005,where
00:04:41:011,the
00:04:41:014,only
00:04:42:000,miracle
00:04:42:011,is
00:04:42:018,that
00:04:42:021,nobody's
00:04:43:012,caught
00:04:43:017,fire.
00:04:44:019,"Recently,"
00:04:45:019,your
00:04:46:000,"agents,"
00:04:46:021,widows
00:04:47:005,who
00:04:47:010,could
00:04:47:013,blackmail
00:04:47:021,saints
00:04:48:005,and
00:04:48:012,sketchy
00:04:48:021,men
00:04:49:001,missing
00:04:49:007,half
00:04:49:012,their
00:04:49:016,teeth
00:04:49:022,and
00:04:50:001,all
00:04:50:004,their
00:04:50:007,"morals,"
00:04:51:003,lurk
00:04:51:009,around
00:04:51:014,city
00:04:51:023,gates
00:04:52:005,and
00:04:52:011,docks
00:04:52:020,whispering
00:04:53:004,promises
00:04:53:017,like
00:04:54:000,their
00:04:54:004,selling
00:04:54:012,salvation.
00:04:55:003,They
00:04:56:005,pitch
00:04:56:015,a
00:04:56:020,respectable
00:04:57:009,"house,"
00:04:58:002,which
00:04:58:007,is
00:04:58:015,medieval
00:04:59:000,code
00:04:59:012,"for,"
00:05:00:004,will
00:05:00:009,feed
00:05:00:015,"you,"
00:05:01:004,close
00:05:01:008,"you,"
00:05:01:020,and
00:05:01:022,then
00:05:02:002,auction
00:05:02:010,your
00:05:02:016,dignity
00:05:03:000,like
00:05:03:011,livestock
00:05:03:020,with
00:05:04:006,lipstick.
00:05:05:012,The
00:05:05:016,girl
00:05:05:023,arrives
00:05:06:010,holding
00:05:06:017,a
00:05:06:021,bundle
00:05:07:003,of
00:05:07:011,clothes
00:05:07:013,and
00:05:07:023,three
00:05:08:008,screaming
00:05:08:022,and
00:05:09:002,crying
00:05:09:010,bad
00:05:09:018,decisions.
00:05:10:023,You
00:05:11:004,greet
00:05:11:011,her
00:05:11:016,with
00:05:11:020,a
00:05:11:022,warm
00:05:12:004,"meal,"
00:05:12:016,a
00:05:12:017,soft
00:05:12:023,"bed,"
00:05:13:011,and
00:05:13:012,a
00:05:13:014,smile
00:05:13:022,so
00:05:14:007,predatory
00:05:14:018,even
00:05:15:004,wolves
00:05:15:012,would
00:05:15:020,file
00:05:16:002,a
00:05:16:005,complaint.
00:05:17:005,But
00:05:17:011,the
00:05:17:015,next
00:05:17:020,morning
00:05:18:003,you
00:05:18:010,drop
00:05:18:016,the
00:05:18:022,bill
00:05:19:001,on
00:05:19:003,the
00:05:19:006,table
00:05:19:012,like
00:05:19:018,a
00:05:19:022,hammer.
00:05:20:003,The
00:05:20:020,free
00:05:21:007,stew
00:05:21:017,for
00:05:21:023,four
00:05:22:005,"charged,"
00:05:23:010,the
00:05:23:012,loaned
00:05:24:002,dress
00:05:24:008,"charged,"
00:05:25:015,the
00:05:25:018,bedding
00:05:26:004,charged
00:05:26:018,per
00:05:27:002,moan
00:05:27:012,and
00:05:27:014,per
00:05:27:020,mystery
00:05:28:005,stain.
00:05:29:003,She's
00:05:29:014,drowning
00:05:30:000,in
00:05:30:006,debt
00:05:30:012,before
00:05:30:020,she's
00:05:31:001,even
00:05:31:007,undressed
00:05:31:015,for
00:05:31:021,anyone.
00:05:32:016,Now
00:05:32:022,comes
00:05:33:005,your
00:05:33:009,"kindness,"
00:05:34:005,the
00:05:34:007,kind
00:05:34:014,that
00:05:34:019,feels
00:05:35:000,like
00:05:35:005,God
00:05:35:012,turning
00:05:35:020,the
00:05:36:001,lights
00:05:36:004,off.
00:05:37:000,She
00:05:37:005,can
00:05:37:009,either
00:05:37:016,work
00:05:38:007,it
00:05:38:011,off
00:05:38:014,properly
00:05:39:001,or
00:05:39:015,wonder
00:05:40:001,the
00:05:40:006,streets
00:05:40:013,where
00:05:40:021,the
00:05:41:000,men
00:05:41:004,don't
00:05:41:011,pay
00:05:41:016,and
00:05:41:020,don't
00:05:42:001,ask
00:05:42:007,before
00:05:42:013,grabbing.
00:05:43:013,If
00:05:43:017,she
00:05:43:021,panics
00:05:44:008,you
00:05:44:012,poor
00:05:44:018,wine.
00:05:45:011,If
00:05:45:013,she
00:05:45:017,trembles
00:05:46:003,you
00:05:46:008,mention
00:05:46:016,debtors
00:05:47:003,"prison,"
00:05:47:019,the
00:05:47:020,place
00:05:48:002,where
00:05:48:008,hope
00:05:48:014,goes
00:05:48:019,to
00:05:49:000,starve
00:05:49:007,and
00:05:49:013,nobody
00:05:50:000,touches
00:05:50:010,you
00:05:50:016,for
00:05:50:020,pleasure.
00:05:51:019,And
00:05:52:000,when
00:05:52:005,she's
00:05:52:013,"pretty,"
00:05:53:003,new
00:05:53:007,and
00:05:53:013,untouched
00:05:53:022,by
00:05:54:002,Sothek's
00:05:54:012,"horrors,"
00:05:55:004,that's
00:05:55:012,when
00:05:55:015,your
00:05:55:022,ledger
00:05:56:006,starts
00:05:56:014,sweating.
00:05:57:016,A
00:05:57:020,fresh
00:05:58:002,recruit
00:05:58:010,in
00:05:58:015,your
00:05:58:018,house
00:05:59:002,is
00:05:59:009,rarer
00:05:59:021,than
00:06:00:001,a
00:06:00:003,priest
00:06:00:010,with
00:06:00:016,clean
00:06:00:023,"hands,"
00:06:01:016,and
00:06:01:020,men
00:06:02:000,will
00:06:02:006,pay
00:06:02:011,enough
00:06:02:017,gold
00:06:03:001,to
00:06:03:007,fix
00:06:03:012,your
00:06:03:017,"roof,"
00:06:04:008,your
00:06:04:011,walls
00:06:04:018,and
00:06:05:003,your
00:06:05:008,conscience
00:06:05:016,if
00:06:06:008,you
00:06:06:011,had
00:06:06:014,one.
00:06:07:000,Because
00:06:07:004,you're
00:06:07:009,not
00:06:07:011,just
00:06:07:017,selling
00:06:08:002,"nights,"
00:06:08:020,you're
00:06:09:001,selling
00:06:09:009,the
00:06:09:015,one
00:06:09:021,night
00:06:10:006,men
00:06:10:013,fantasise
00:06:11:008,like
00:06:11:013,it's
00:06:11:018,a
00:06:11:019,holy
00:06:12:001,"relic,"
00:06:12:018,then
00:06:13:000,ruin
00:06:13:008,like
00:06:13:014,everything
00:06:13:023,else
00:06:14:004,they
00:06:14:008,touch.
00:06:15:001,And
00:06:15:007,if
00:06:15:010,you
00:06:15:012,think
00:06:15:016,that's
00:06:16:003,the
00:06:16:006,darkest
00:06:16:013,thing
00:06:16:020,you
00:06:17:000,"do,"
00:06:17:014,wait
00:06:17:017,till
00:06:17:022,you
00:06:18:000,start
00:06:18:005,putting
00:06:18:013,price
00:06:18:022,tags
00:06:19:003,on
00:06:19:010,sins
00:06:19:016,even
00:06:20:004,the
00:06:20:010,bishop
00:06:20:017,pretends
00:06:21:007,not
00:06:21:011,to
00:06:21:015,recognise.
00:06:22:020,CHAPTER
00:06:23:008,IV.
00:06:24:004,Virgin
00:06:24:012,"auctions,"
00:06:25:006,your
00:06:25:008,most
00:06:25:016,damned
00:06:26:001,business.
00:06:27:012,If
00:06:27:017,your
00:06:27:021,brothel
00:06:28:009,is
00:06:28:012,a
00:06:28:015,swamp
00:06:29:000,of
00:06:29:005,sin
00:06:29:011,on
00:06:29:015,a
00:06:29:017,normal
00:06:30:000,"night,"
00:06:30:015,then
00:06:30:018,Virgin
00:06:31:006,auctions
00:06:31:020,are
00:06:32:001,the
00:06:32:005,bottomless
00:06:32:018,trench
00:06:33:001,where
00:06:33:009,God
00:06:33:014,drops
00:06:33:022,all
00:06:34:003,the
00:06:34:006,mistakes
00:06:34:012,he
00:06:34:020,doesn't
00:06:35:003,want
00:06:35:006,to
00:06:35:010,claim.
00:06:36:007,Nothing
00:06:36:016,sells
00:06:37:000,"faster,"
00:06:37:019,louder
00:06:38:000,or
00:06:38:007,with
00:06:38:012,more
00:06:38:016,panting
00:06:39:006,than
00:06:39:015,the
00:06:39:019,promise
00:06:40:003,of
00:06:40:013,freshness.
00:06:42:000,Men
00:06:42:008,don't
00:06:42:015,care
00:06:42:021,about
00:06:43:003,her
00:06:43:008,"dreams,"
00:06:43:023,her
00:06:44:000,hopes
00:06:44:008,or
00:06:44:012,the
00:06:44:014,fact
00:06:44:019,that
00:06:44:023,she
00:06:45:002,still
00:06:45:008,asks
00:06:45:012,whether
00:06:45:020,you
00:06:46:002,need
00:06:46:006,help
00:06:46:009,with
00:06:46:013,"laundry,"
00:06:47:011,they
00:06:47:013,care
00:06:47:021,about
00:06:48:003,"purity,"
00:06:49:004,like
00:06:49:008,getting
00:06:49:015,a
00:06:49:018,limited
00:06:50:000,edition
00:06:50:011,collector's
00:06:51:002,coin
00:06:51:007,that
00:06:51:017,they
00:06:51:021,will
00:06:52:000,absolutely
00:06:52:015,tarnish
00:06:53:004,in
00:06:53:011,five
00:06:53:017,minutes.
00:06:54:023,The
00:06:55:004,moment
00:06:55:012,word
00:06:55:021,slips
00:06:56:006,that
00:06:56:013,a
00:06:56:017,new
00:06:56:023,girl
00:06:57:008,"arrived,"
00:06:58:003,your
00:06:58:006,hallway
00:06:58:015,turns
00:06:59:004,into
00:06:59:016,a
00:06:59:019,stampede.
00:07:01:000,Merchants
00:07:01:012,trip
00:07:01:019,over
00:07:02:001,"barrels,"
00:07:02:021,nobles
00:07:03:005,send
00:07:03:012,servants
00:07:03:022,waving
00:07:04:007,coins
00:07:04:015,like
00:07:04:021,they're
00:07:05:002,bidding
00:07:05:006,on
00:07:05:011,"cattle,"
00:07:06:003,and
00:07:06:006,old
00:07:06:010,men
00:07:06:016,move
00:07:06:023,so
00:07:07:005,fast
00:07:07:016,you'd
00:07:08:000,think
00:07:08:003,they'd
00:07:08:010,promise
00:07:08:015,someone
00:07:08:023,at
00:07:09:002,least
00:07:09:005,one
00:07:09:012,"night,"
00:07:10:003,where
00:07:10:008,everything
00:07:10:018,still
00:07:11:004,works.
00:07:12:001,They
00:07:12:013,all
00:07:12:018,want
00:07:13:000,the
00:07:13:003,same
00:07:13:010,"thing,"
00:07:14:002,the
00:07:14:004,first
00:07:14:015,cracker
00:07:15:001,"innocence,"
00:07:15:020,but
00:07:15:022,half
00:07:16:008,of
00:07:16:014,these
00:07:16:020,men
00:07:17:002,couldn't
00:07:17:009,find
00:07:17:013,the
00:07:17:017,right
00:07:17:020,place
00:07:18:004,with
00:07:18:006,a
00:07:18:009,map
00:07:18:013,in
00:07:18:017,two
00:07:18:023,hands.
00:07:19:021,You
00:07:20:000,stand
00:07:20:006,on
00:07:20:011,the
00:07:20:014,stairs
00:07:20:021,like
00:07:21:003,Satan's
00:07:21:016,"auctioneer,"
00:07:22:012,pretending
00:07:22:019,you're
00:07:23:002,not
00:07:23:005,auctioning
00:07:23:016,someone's
00:07:24:004,last
00:07:24:007,shred
00:07:24:012,of
00:07:24:016,hope
00:07:24:022,while
00:07:25:007,mentally
00:07:25:018,calculating
00:07:26:010,how
00:07:26:017,many
00:07:26:022,roof
00:07:27:004,holes
00:07:27:008,you
00:07:27:014,fix
00:07:27:021,with
00:07:28:003,the
00:07:28:006,profits.
00:07:29:008,The
00:07:29:020,girl
00:07:30:001,thinks
00:07:30:009,she
00:07:30:014,has
00:07:30:018,a
00:07:30:022,special
00:07:31:011,client.
00:07:32:010,She
00:07:32:013,puts
00:07:32:018,on
00:07:32:022,the
00:07:33:001,cheap
00:07:33:007,dress
00:07:33:012,you
00:07:33:018,gave
00:07:33:021,"her,"
00:07:34:008,smelling
00:07:34:012,like
00:07:34:017,sad
00:07:34:023,flowers
00:07:35:009,and
00:07:35:013,sadder
00:07:36:000,"decisions,"
00:07:36:019,and
00:07:36:021,asks
00:07:37:004,if
00:07:37:007,he'll
00:07:37:013,be
00:07:37:017,kind.
00:07:38:023,You
00:07:39:003,lie.
00:07:39:009,You
00:07:40:003,lie
00:07:40:008,like
00:07:40:014,breathing.
00:07:41:016,When
00:07:41:018,the
00:07:41:023,winning
00:07:42:005,bid
00:07:42:012,comes
00:07:42:022,"in,"
00:07:43:012,sometimes
00:07:43:017,more
00:07:44:002,than
00:07:44:006,her
00:07:44:010,entire
00:07:44:017,family
00:07:45:008,has
00:07:45:013,ever
00:07:45:020,"touched,"
00:07:46:014,you
00:07:46:017,take
00:07:46:022,the
00:07:47:004,coin
00:07:47:008,and
00:07:47:014,hand
00:07:47:020,her
00:07:47:023,over
00:07:48:005,like
00:07:48:010,a
00:07:48:013,lamb
00:07:48:018,being
00:07:49:001,sold
00:07:49:007,to
00:07:49:012,a
00:07:49:016,butcher
00:07:49:022,who's
00:07:50:012,already
00:07:50:018,sharpening
00:07:51:007,the
00:07:51:011,knife.
00:07:52:011,Afterwards
00:07:52:023,she's
00:07:53:012,"shaking,"
00:07:54:006,wide
00:07:54:011,"eyed,"
00:07:55:003,voice
00:07:55:007,thin
00:07:55:012,as
00:07:55:016,"thread,"
00:07:56:010,you
00:07:56:014,give
00:07:56:018,her
00:07:56:022,"wine,"
00:07:57:012,tellery
00:07:57:018,gets
00:07:57:021,"easier,"
00:07:58:014,even
00:07:58:018,though
00:07:58:021,it
00:07:59:000,"doesn't,"
00:07:59:015,sometimes
00:08:00:000,the
00:08:00:006,first
00:08:00:011,night
00:08:00:016,breaks
00:08:00:023,something
00:08:01:007,inside
00:08:01:016,of
00:08:01:020,that
00:08:01:022,even
00:08:02:005,god
00:08:02:012,couldn't
00:08:02:020,fix
00:08:03:001,with
00:08:03:008,glue.
00:08:04:002,But
00:08:04:009,you
00:08:04:014,send
00:08:04:020,her
00:08:05:000,back
00:08:05:004,anyway
00:08:05:012,because
00:08:05:022,rent
00:08:06:005,is
00:08:06:013,"due,"
00:08:07:007,and
00:08:07:009,then
00:08:07:013,comes
00:08:07:020,another
00:08:08:002,"problem,"
00:08:08:018,and
00:08:08:021,you'd
00:08:09:000,have
00:08:09:001,to
00:08:09:005,go
00:08:09:008,down
00:08:09:012,and
00:08:09:016,dirty
00:08:09:022,to
00:08:10:004,solve
00:08:10:011,it.
00:08:11:015,CHAPTER
00:08:12:004,V.
00:08:13:014,Burning
00:08:13:014,Bubbles
00:08:14:006,and
00:08:14:011,God
00:08:14:017,will
00:08:14:023,handle
00:08:15:006,it
00:08:15:011,medicine.
00:08:16:020,"Congratulations,"
00:08:17:009,Lady
00:08:17:023,Abbas.
00:08:18:016,You're
00:08:18:021,now
00:08:19:001,the
00:08:19:007,neighbourhood's
00:08:19:021,unofficial
00:08:20:007,"doctor,"
00:08:21:000,"midwife,"
00:08:21:016,plague
00:08:21:019,"inspector,"
00:08:22:017,"therapist,"
00:08:23:010,and
00:08:23:012,chief
00:08:23:019,officer
00:08:24:003,"of,"
00:08:24:019,please
00:08:25:000,don't
00:08:25:007,die
00:08:25:012,on
00:08:25:014,my
00:08:25:017,damn
00:08:25:021,carpet.
00:08:27:000,Your
00:08:27:007,girls
00:08:27:015,come
00:08:27:022,back
00:08:28:003,from
00:08:28:009,nightly
00:08:28:018,activities
00:08:29:004,"leaking,"
00:08:30:000,"burning,"
00:08:30:012,"itching,"
00:08:31:000,"bubbling,"
00:08:31:017,and
00:08:31:019,glowing
00:08:32:003,like
00:08:32:010,someone
00:08:32:019,rubbed
00:08:33:002,their
00:08:33:004,downstairs
00:08:33:015,on
00:08:33:022,a
00:08:34:000,cursed
00:08:34:006,lantern.
00:08:34:017,And
00:08:35:017,since
00:08:36:000,medieval
00:08:36:010,doctors
00:08:36:022,are
00:08:37:002,just
00:08:37:006,barbers
00:08:37:016,with
00:08:37:020,sharp
00:08:38:001,knives
00:08:38:008,and
00:08:38:013,daddy
00:08:38:019,"issues,"
00:08:39:013,you're
00:08:39:015,stuck
00:08:39:021,fixing
00:08:40:006,it
00:08:40:010,all.
00:08:41:005,The
00:08:41:010,Bishop's
00:08:41:023,rules
00:08:42:003,says
00:08:42:011,no
00:08:42:017,woman
00:08:43:000,with
00:08:43:008,burning
00:08:43:018,disease
00:08:44:004,can
00:08:44:012,work.
00:08:45:009,How
00:08:45:012,adorable.
00:08:46:010,So
00:08:46:016,you
00:08:46:021,squint
00:08:47:005,at
00:08:47:010,rashes
00:08:47:018,shaped
00:08:48:001,like
00:08:48:006,biblical
00:08:48:014,"plagues,"
00:08:49:010,as
00:08:49:012,questions
00:08:50:000,nobody
00:08:50:012,wants
00:08:50:019,to
00:08:50:023,say
00:08:51:003,out
00:08:51:007,"loud,"
00:08:51:020,and
00:08:51:023,sniff
00:08:52:006,things
00:08:52:014,that
00:08:52:018,make
00:08:52:022,you
00:08:53:001,reconsider
00:08:53:015,every
00:08:54:005,life
00:08:54:012,choice
00:08:54:018,since
00:08:55:002,childhood.
00:08:56:007,Your
00:08:56:015,medical
00:08:57:003,kit
00:08:57:013,looks
00:08:57:023,like
00:08:58:005,something
00:08:58:015,Satan
00:08:59:001,left
00:08:59:007,behind.
00:09:00:006,"Vinegar,"
00:09:00:018,because
00:09:00:023,if
00:09:01:002,it
00:09:01:004,can
00:09:01:007,scrub
00:09:01:013,fish
00:09:01:021,"guts,"
00:09:02:007,maybe
00:09:02:010,it
00:09:02:014,can
00:09:02:016,unscortch
00:09:03:003,someone's
00:09:03:012,lady
00:09:03:016,bits.
00:09:03:022,Mercury
00:09:04:019,ointment
00:09:05:007,that
00:09:05:012,"burns,"
00:09:06:002,poisons
00:09:06:009,and
00:09:06:014,occasionally
00:09:06:023,"kills,"
00:09:07:017,but
00:09:07:019,at
00:09:07:022,least
00:09:08:001,it
00:09:08:007,stops
00:09:08:012,the
00:09:08:017,itching
00:09:08:023,before
00:09:09:006,the
00:09:09:010,girl
00:09:09:013,stops
00:09:09:022,breathing.
00:09:10:022,Herbal
00:09:11:007,teas
00:09:11:012,tasting
00:09:12:000,like
00:09:12:007,boiled
00:09:12:015,dirt
00:09:13:001,and
00:09:13:007,regret.
00:09:14:000,Blood
00:09:14:004,-letting
00:09:14:013,"knives,"
00:09:15:000,because
00:09:15:006,draining
00:09:15:016,someone
00:09:16:000,like
00:09:16:006,a
00:09:16:009,wine
00:09:16:013,-skin
00:09:16:019,apparently
00:09:17:008,cures
00:09:17:016,everything
00:09:18:006,from
00:09:18:013,syphilis
00:09:19:001,to
00:09:19:007,sadness.
00:09:20:005,And
00:09:20:011,when
00:09:20:014,all
00:09:20:020,that
00:09:21:001,"fails,"
00:09:21:017,you
00:09:21:019,pull
00:09:21:023,out
00:09:22:003,the
00:09:22:008,metal
00:09:22:014,"syringe,"
00:09:23:012,the
00:09:23:014,medieval
00:09:24:000,"device,"
00:09:24:017,so
00:09:25:000,"horrifying,"
00:09:26:000,it
00:09:26:003,should
00:09:26:008,qualify
00:09:26:018,as
00:09:27:002,a
00:09:27:003,weapon.
00:09:28:002,Every
00:09:28:011,girl
00:09:28:019,swears
00:09:29:004,she'll
00:09:29:011,never
00:09:29:015,let
00:09:29:019,it
00:09:29:023,"near,"
00:09:30:012,until
00:09:30:019,two
00:09:31:003,in
00:09:31:006,the
00:09:31:008,morning
00:09:31:014,when
00:09:31:019,she's
00:09:32:001,"crying,"
00:09:32:010,shaking
00:09:32:020,and
00:09:33:002,begging
00:09:33:008,you
00:09:33:016,to
00:09:33:022,shove
00:09:34:002,salvation
00:09:34:015,exactly
00:09:35:004,where
00:09:35:014,her
00:09:35:017,problem
00:09:36:001,started.
00:09:37:009,"Meanwhile,"
00:09:38:000,the
00:09:38:002,men
00:09:38:006,swear
00:09:38:014,their
00:09:38:022,"clean,"
00:09:39:020,even
00:09:40:001,while
00:09:40:007,dripping
00:09:40:013,mystery
00:09:41:002,fluids
00:09:41:012,and
00:09:41:016,asking
00:09:41:022,why
00:09:42:003,they're
00:09:42:010,growing
00:09:42:014,hums
00:09:43:000,like
00:09:43:004,a
00:09:43:007,beehive
00:09:43:018,when
00:09:43:022,touched.
00:09:45:000,You
00:09:45:005,don't
00:09:45:010,tell
00:09:45:017,them
00:09:45:022,that
00:09:46:000,they've
00:09:46:005,caught
00:09:46:009,the
00:09:46:013,Sothec
00:09:46:022,"symphony,"
00:09:47:017,the
00:09:47:020,"burning,"
00:09:48:011,buzzing
00:09:48:016,new
00:09:48:022,sensation
00:09:49:009,sweeping
00:09:49:019,London
00:09:50:004,one
00:09:50:011,thruster
00:09:51:000,to
00:09:51:005,time.
00:09:52:000,And
00:09:52:006,just
00:09:52:013,when
00:09:52:019,you
00:09:52:023,think
00:09:53:003,medieval
00:09:53:011,STDs
00:09:54:006,are
00:09:54:007,your
00:09:54:011,worst
00:09:54:015,"nightmare,"
00:09:55:010,the
00:09:55:012,law
00:09:55:017,"knocks,"
00:09:56:010,not
00:09:56:014,to
00:09:56:019,save
00:09:57:000,you
00:09:57:007,but
00:09:57:012,to
00:09:57:016,shake
00:09:57:020,you
00:09:58:001,"down,"
00:09:58:015,because
00:09:58:022,in
00:09:59:003,Sothec
00:09:59:016,the
00:10:00:000,gods
00:10:00:007,want
00:10:00:014,"bribes,"
00:10:01:011,the
00:10:01:013,churchman
00:10:02:002,wants
00:10:02:007,secrets
00:10:02:017,and
00:10:02:023,everybody
00:10:03:011,wants
00:10:03:021,your
00:10:04:004,girls.
00:10:05:008,CHAPTER
00:10:05:018,VI.
00:10:06:017,"Bribes,"
00:10:07:007,blackmail
00:10:07:016,and
00:10:08:002,the
00:10:08:007,holy
00:10:08:012,customer
00:10:09:000,list.
00:10:09:023,Running
00:10:10:008,a
00:10:10:012,brothel
00:10:10:023,in
00:10:11:001,Sothec
00:10:11:013,isn't
00:10:11:019,about
00:10:12:001,"beds,"
00:10:12:023,girls
00:10:13:007,or
00:10:13:012,whatever
00:10:13:020,new
00:10:14:001,rash
00:10:14:007,someone
00:10:14:015,brought
00:10:14:022,"home,"
00:10:15:012,no
00:10:15:015,it's
00:10:16:000,about
00:10:16:005,mastering
00:10:16:016,three
00:10:17:005,sacred
00:10:17:017,arts.
00:10:18:015,"Bribory,"
00:10:19:008,blackmail
00:10:19:020,and
00:10:20:008,remembering
00:10:20:020,which
00:10:21:005,holy
00:10:21:014,man
00:10:21:021,likes
00:10:22:002,to
00:10:22:007,be
00:10:22:010,spanked
00:10:22:020,hard
00:10:22:023,enough
00:10:23:003,to
00:10:23:008,see
00:10:23:012,our
00:10:23:015,changels.
00:10:24:004,Just
00:10:25:003,this
00:10:25:010,down
00:10:25:017,here
00:10:25:023,isn't
00:10:26:008,"blind,"
00:10:26:022,it's
00:10:27:003,"horny,"
00:10:27:021,"drunk,"
00:10:28:012,broke
00:10:28:015,and
00:10:29:001,always
00:10:29:008,looking
00:10:29:015,for
00:10:29:019,a
00:10:29:021,discount.
00:10:30:016,Every
00:10:31:002,"sheriff,"
00:10:31:022,bayliff
00:10:32:007,and
00:10:32:010,inspector
00:10:32:021,who
00:10:33:005,knocks
00:10:33:009,on
00:10:33:014,your
00:10:33:019,door
00:10:34:002,isn't
00:10:34:014,here
00:10:34:019,to
00:10:35:000,enforce
00:10:35:009,"morality,"
00:10:36:010,they're
00:10:36:014,here
00:10:36:018,for
00:10:37:000,"coin,"
00:10:37:016,wine
00:10:37:021,or
00:10:38:003,the
00:10:38:006,girl
00:10:38:011,with
00:10:38:016,freckles
00:10:39:005,and
00:10:39:007,enough
00:10:39:012,flexibility
00:10:40:000,to
00:10:40:011,turn
00:10:40:016,anatomy
00:10:41:003,into
00:10:41:014,abstract
00:10:41:023,art.
00:10:42:021,You
00:10:43:001,always
00:10:43:008,try
00:10:43:016,coin
00:10:44:001,"first,"
00:10:44:021,a
00:10:45:000,little
00:10:45:005,silver
00:10:45:015,is
00:10:45:020,cheaper
00:10:46:002,than
00:10:46:007,a
00:10:46:010,raid
00:10:46:015,and
00:10:46:022,definitely
00:10:47:011,cheaper
00:10:48:001,than
00:10:48:006,another
00:10:48:013,cooking
00:10:48:022,stall
00:10:49:005,baptism
00:10:49:013,in
00:10:50:000,sewage
00:10:50:010,stew.
00:10:50:019,If
00:10:51:015,coin
00:10:52:000,doesn't
00:10:52:008,"work,"
00:10:52:019,you
00:10:52:020,flood
00:10:53:001,them
00:10:53:007,with
00:10:53:012,wine
00:10:53:019,until
00:10:54:003,their
00:10:54:009,morals
00:10:54:016,slide
00:10:55:000,off
00:10:55:005,faster
00:10:55:014,than
00:10:55:019,the
00:10:55:023,trousers.
00:10:56:020,And
00:10:57:001,if
00:10:57:006,wine
00:10:57:013,doesn't
00:10:57:023,"work,"
00:10:58:014,you
00:10:58:016,send
00:10:58:022,their
00:10:59:004,favourite
00:10:59:014,"girl,"
00:11:00:007,the
00:11:00:010,loud
00:11:00:016,one
00:11:00:022,who
00:11:01:002,laughs
00:11:01:007,like
00:11:01:014,sin
00:11:01:021,and
00:11:02:000,makes
00:11:02:004,grown
00:11:02:012,men
00:11:02:018,confess
00:11:03:004,things
00:11:03:012,they
00:11:03:016,never
00:11:03:020,told
00:11:04:001,their
00:11:04:005,wives
00:11:04:012,or
00:11:04:017,priests.
00:11:06:000,Each
00:11:06:009,satisfied
00:11:06:023,official
00:11:07:012,buys
00:11:07:018,your
00:11:08:000,brothel
00:11:08:011,another
00:11:08:016,day
00:11:08:023,of
00:11:09:002,"peace,"
00:11:09:016,another
00:11:09:022,night
00:11:10:005,of
00:11:10:009,"business,"
00:11:11:002,and
00:11:11:005,another
00:11:11:013,morning
00:11:11:023,of
00:11:12:003,pretending
00:11:12:012,you're
00:11:12:019,surprised
00:11:13:002,the
00:11:13:009,bishops'
00:11:13:019,"inspector,"
00:11:14:017,dropped
00:11:14:022,by
00:11:15:004,it
00:11:15:008,to
00:11:15:012,in
00:11:15:015,the
00:11:15:017,"morning,"
00:11:16:002,wearing
00:11:16:006,nothing
00:11:16:014,but
00:11:16:020,socks
00:11:17:002,and
00:11:17:010,a
00:11:17:012,lie.
00:11:17:016,But
00:11:18:016,bribes
00:11:19:005,are
00:11:19:007,only
00:11:19:013,half
00:11:19:022,of
00:11:20:002,your
00:11:20:006,survival
00:11:20:017,"kit,"
00:11:21:009,the
00:11:21:011,other
00:11:21:014,half?
00:11:22:011,Secrets.
00:11:23:012,"Delicious,"
00:11:24:008,devastating
00:11:24:020,secrets.
00:11:26:005,Nobles
00:11:26:015,show
00:11:26:021,up
00:11:27:001,in
00:11:27:004,hoods
00:11:27:011,like
00:11:27:014,they're
00:11:27:018,auditioning
00:11:28:005,for
00:11:28:010,Medieval
00:11:28:020,Tinder.
00:11:30:000,Merchant
00:11:30:009,sneak
00:11:30:018,in
00:11:31:000,claiming
00:11:31:010,urgent
00:11:31:022,business
00:11:32:008,"matters,"
00:11:33:002,which
00:11:33:006,is
00:11:33:012,hilarious
00:11:33:023,because
00:11:34:008,the
00:11:34:013,only
00:11:34:017,thing
00:11:34:021,urgent
00:11:35:007,is
00:11:35:019,their
00:11:35:023,inability
00:11:36:009,to
00:11:36:017,last
00:11:36:020,more
00:11:37:000,than
00:11:37:004,six
00:11:37:011,minutes.
00:11:38:010,Priest's
00:11:39:000,slip
00:11:39:004,-in
00:11:39:009,after
00:11:39:014,sunset
00:11:40:000,whispering
00:11:40:009,that
00:11:40:015,they're
00:11:40:020,checking
00:11:41:004,structural
00:11:41:019,"stability,"
00:11:42:016,which
00:11:42:021,is
00:11:43:001,ironic
00:11:43:010,because
00:11:43:019,they
00:11:44:000,break
00:11:44:004,more
00:11:44:010,bedframes
00:11:44:021,the
00:11:45:002,earthquakes.
00:11:46:000,And
00:11:46:006,you?
00:11:46:023,You
00:11:47:007,remember
00:11:47:019,"everything,"
00:11:48:020,which
00:11:49:002,Duke
00:11:49:009,"cries,"
00:11:50:003,which
00:11:50:007,merchant
00:11:50:018,likes
00:11:51:001,"rope,"
00:11:51:018,which
00:11:51:023,priest
00:11:52:009,begs
00:11:52:019,you
00:11:52:022,to
00:11:53:001,call
00:11:53:006,him
00:11:53:011,Father
00:11:53:023,Sin
00:11:54:006,Me
00:11:54:012,more.
00:11:55:012,If
00:11:55:018,someone
00:11:56:004,threatens
00:11:56:014,"you,"
00:11:57:002,you
00:11:57:002,don't
00:11:57:006,"panic,"
00:11:57:023,you
00:11:58:001,"smile,"
00:11:58:021,because
00:11:59:003,one
00:11:59:011,whispered
00:12:00:000,rumour
00:12:00:008,from
00:12:00:012,you
00:12:00:018,and
00:12:01:001,half
00:12:01:009,of
00:12:01:015,London's
00:12:02:001,respectable
00:12:02:011,men
00:12:02:021,burst
00:12:03:003,into
00:12:03:011,flames.
00:12:04:014,Your
00:12:04:020,brothel
00:12:05:007,may
00:12:05:011,be
00:12:05:016,"filthy,"
00:12:06:009,but
00:12:06:012,your
00:12:06:016,leverage
00:12:07:002,is
00:12:07:012,"pure,"
00:12:08:005,sharp
00:12:08:010,and
00:12:08:021,"deadly,"
00:12:09:005,and
00:12:09:020,you'll
00:12:10:001,need
00:12:10:006,it
00:12:10:011,to
00:12:10:013,maintain
00:12:10:021,your
00:12:11:005,lavish
00:12:11:012,lifestyle.
00:12:13:000,Chapter
00:12:13:011,7
00:12:14:001,Luxury
00:12:14:021,on
00:12:15:000,the
00:12:15:003,"outside,"
00:12:16:001,rot
00:12:16:004,on
00:12:16:014,the
00:12:16:019,inside.
00:12:17:019,From
00:12:18:000,the
00:12:18:005,street
00:12:18:012,your
00:12:18:019,brothel
00:12:19:005,looks
00:12:19:010,like
00:12:19:014,heaven
00:12:19:023,dipped
00:12:20:003,in
00:12:20:011,"honey,"
00:12:21:001,the
00:12:21:003,lanterns
00:12:21:017,glow
00:12:21:021,soft
00:12:22:008,and
00:12:22:012,"seductive,"
00:12:23:007,the
00:12:23:010,windows
00:12:23:020,shine
00:12:24:003,like
00:12:24:009,they've
00:12:24:016,never
00:12:24:021,seen
00:12:25:003,"sin,"
00:12:25:020,and
00:12:25:022,the
00:12:26:001,music
00:12:26:010,drifts
00:12:26:019,out
00:12:26:023,like
00:12:27:002,four
00:12:27:009,play
00:12:27:015,with
00:12:27:020,a
00:12:27:022,soundtrack.
00:12:28:020,Men
00:12:29:002,approach
00:12:29:009,your
00:12:29:015,door
00:12:29:020,the
00:12:30:000,way
00:12:30:003,drunk
00:12:30:010,husbands
00:12:30:019,approach
00:12:31:004,"temptation,"
00:12:32:005,"excited,"
00:12:32:021,twitchy
00:12:33:005,and
00:12:33:013,absolutely
00:12:34:003,doomed.
00:12:34:015,But
00:12:35:008,step
00:12:35:016,into
00:12:35:023,your
00:12:36:001,private
00:12:36:008,room
00:12:36:014,and
00:12:36:019,the
00:12:36:023,fantasy
00:12:37:009,collapses
00:12:37:020,faster
00:12:38:009,than
00:12:38:014,an
00:12:38:017,naked
00:12:38:023,noble
00:12:39:007,slipping
00:12:39:015,on
00:12:39:020,his
00:12:40:000,own
00:12:40:003,enthusiasm.
00:12:41:003,The
00:12:41:009,furniture
00:12:41:020,is
00:12:42:003,so
00:12:42:010,broken
00:12:42:019,it
00:12:43:000,should
00:12:43:005,file
00:12:43:012,a
00:12:43:015,domestic
00:12:43:023,abuse
00:12:44:007,report.
00:12:44:023,The
00:12:45:003,sheets
00:12:45:009,are
00:12:45:014,stained
00:12:45:022,in
00:12:46:003,patterns
00:12:46:011,that
00:12:46:017,look
00:12:46:020,like
00:12:47:000,medieval
00:12:47:009,astronomy
00:12:47:020,charts
00:12:48:006,made
00:12:48:011,from
00:12:48:015,bodily
00:12:48:022,fluids.
00:12:49:022,The
00:12:50:002,candles
00:12:50:012,melted
00:12:50:023,into
00:12:51:007,shapes
00:12:51:013,no
00:12:51:021,child
00:12:52:005,should
00:12:52:011,ever
00:12:52:015,"see,"
00:12:53:005,unless
00:12:53:011,you
00:12:53:016,want
00:12:53:018,to
00:12:53:022,explain
00:12:54:004,why
00:12:54:010,Jesus
00:12:54:019,looks
00:12:55:002,like
00:12:55:007,he's
00:12:55:010,holding
00:12:55:015,something
00:12:55:023,he
00:12:56:002,shouldn't.
00:12:56:021,There's
00:12:57:003,a
00:12:57:005,roof
00:12:57:011,leak
00:12:57:018,dripping
00:12:58:002,directly
00:12:58:012,onto
00:12:58:021,your
00:12:59:003,pillow.
00:12:59:020,Nothing
00:13:00:001,says
00:13:00:009,romantic
00:13:00:020,night
00:13:01:008,like
00:13:01:015,rainwater
00:13:02:005,hitting
00:13:02:011,your
00:13:02:015,face
00:13:02:021,while
00:13:03:002,you
00:13:03:005,sleep
00:13:03:011,like
00:13:03:016,a
00:13:03:019,depressed
00:13:04:001,rest
00:13:04:005,orphan.
00:13:05:012,Your
00:13:05:016,mattress
00:13:06:002,is
00:13:06:010,so
00:13:06:017,hard
00:13:07:002,it
00:13:07:006,could
00:13:07:009,qualify
00:13:07:018,as
00:13:08:000,forplay
00:13:08:011,for
00:13:08:015,men
00:13:08:022,who
00:13:09:010,hate
00:13:09:018,forplay.
00:13:10:020,Your
00:13:11:004,blankets?
00:13:12:002,Stolen
00:13:12:011,from
00:13:12:016,clients
00:13:13:000,mid
00:13:13:008,-meltown
00:13:13:019,so
00:13:14:000,every
00:13:14:007,night
00:13:14:012,you're
00:13:14:019,wrapped
00:13:14:023,in
00:13:15:003,the
00:13:15:005,emotional
00:13:15:016,residue
00:13:16:005,of
00:13:16:012,someone
00:13:16:020,else's
00:13:17:007,bad
00:13:17:012,decisions.
00:13:18:021,Your
00:13:19:002,favourite
00:13:19:012,chair
00:13:19:021,squeaks
00:13:20:008,louder
00:13:20:015,than
00:13:20:021,a
00:13:20:023,girl
00:13:21:004,being
00:13:21:010,paid
00:13:21:016,extra
00:13:22:000,to
00:13:22:005,sound
00:13:22:011,enthusiastic.
00:13:23:016,Even
00:13:23:021,more
00:13:24:003,ironic?
00:13:25:002,People
00:13:25:008,call
00:13:25:013,your
00:13:25:018,girls
00:13:26:001,Winchester
00:13:26:020,"Geese,"
00:13:27:016,but
00:13:27:019,that
00:13:28:000,damn
00:13:28:007,chair
00:13:28:016,honks
00:13:29:000,louder
00:13:29:006,than
00:13:29:011,all
00:13:29:014,of
00:13:29:016,them
00:13:29:019,combined.
00:13:31:000,Your
00:13:31:007,meals
00:13:31:013,are
00:13:31:018,leftovers
00:13:32:002,that
00:13:32:011,tastes
00:13:32:017,like
00:13:32:021,disappointment
00:13:33:011,seasoned
00:13:34:000,with
00:13:34:005,regret.
00:13:35:001,Your
00:13:35:005,fine
00:13:35:018,wine
00:13:36:001,is
00:13:36:013,whatever
00:13:36:021,didn't
00:13:37:008,get
00:13:37:011,spilled
00:13:37:020,on
00:13:38:000,someone's
00:13:38:012,thigh
00:13:38:017,the
00:13:38:021,night
00:13:39:000,before.
00:13:40:000,You
00:13:40:004,splurge
00:13:40:017,on
00:13:40:019,fruit
00:13:41:003,only
00:13:41:014,when
00:13:41:022,a
00:13:42:001,noble
00:13:42:008,pays
00:13:42:015,so
00:13:42:021,much
00:13:43:002,it
00:13:43:005,makes
00:13:43:008,your
00:13:43:012,conscience
00:13:43:020,itch.
00:13:45:002,Your
00:13:45:006,gowns
00:13:45:016,are
00:13:45:018,patched
00:13:46:003,more
00:13:46:009,than
00:13:46:013,a
00:13:46:015,soldier's
00:13:47:003,conscience.
00:13:47:021,Your
00:13:48:000,hair
00:13:48:006,smells
00:13:48:012,like
00:13:48:019,"smoke,"
00:13:49:014,wine
00:13:49:018,and
00:13:50:002,surrender.
00:13:51:002,And
00:13:51:006,"yet,"
00:13:52:001,this
00:13:52:007,filthy
00:13:52:016,cave
00:13:53:000,is
00:13:53:009,your
00:13:53:015,sanctuary.
00:13:54:012,Because
00:13:54:017,outside
00:13:55:004,your
00:13:55:013,"door,"
00:13:56:007,the
00:13:56:009,"moaning,"
00:13:57:004,"screaming,"
00:13:57:023,"fighting,"
00:13:58:017,"puking,"
00:13:59:002,"praying,"
00:14:00:000,"whimpering,"
00:14:00:023,humping
00:14:01:006,chaos
00:14:01:017,never
00:14:02:008,stops.
00:14:03:007,Your
00:14:03:012,walls
00:14:03:019,hear
00:14:04:002,more
00:14:04:008,positions
00:14:04:018,than
00:14:05:001,the
00:14:05:005,Karma
00:14:05:011,Sutra.
00:14:06:017,You
00:14:06:020,don't
00:14:07:001,live
00:14:07:007,in
00:14:07:010,a
00:14:07:012,"brothel,"
00:14:08:005,you
00:14:08:008,survive
00:14:08:018,in
00:14:09:001,"one,"
00:14:09:014,and
00:14:09:018,when
00:14:09:022,survival
00:14:10:011,gets
00:14:10:017,too
00:14:11:001,"hard,"
00:14:11:019,you
00:14:11:021,weaponize
00:14:12:011,the
00:14:12:015,only
00:14:12:021,thing
00:14:13:003,more
00:14:13:009,dangerous
00:14:13:019,than
00:14:14:003,lust.
00:14:15:004,"Men,"
00:14:16:000,especially
00:14:16:015,the
00:14:16:020,powerful
00:14:17:005,ones.
00:14:18:007,Chapter
00:14:18:013,8.
00:14:19:013,Manipulating
00:14:20:004,Powerful
00:14:20:021,Men
00:14:22:001,You
00:14:22:009,don't
00:14:22:013,have
00:14:22:018,"soldiers,"
00:14:23:013,you
00:14:23:014,don't
00:14:23:018,have
00:14:23:022,a
00:14:24:000,"crown,"
00:14:24:016,you
00:14:24:018,don't
00:14:24:022,even
00:14:25:003,have
00:14:25:007,a
00:14:25:010,decent
00:14:25:018,"mattress,"
00:14:26:005,But
00:14:26:017,you
00:14:26:021,have
00:14:27:002,something
00:14:27:012,far
00:14:27:022,more
00:14:28:005,"terrifying,"
00:14:29:007,the
00:14:29:009,sexual
00:14:29:022,stupidity
00:14:30:019,of
00:14:31:002,powerful
00:14:31:014,"men,"
00:14:32:006,and
00:14:32:012,you've
00:14:32:019,learned
00:14:33:000,to
00:14:33:004,use
00:14:33:008,it
00:14:33:012,better
00:14:33:019,than
00:14:33:023,any
00:14:34:009,general
00:14:34:019,uses
00:14:35:005,a
00:14:35:009,sword.
00:14:36:007,Every
00:14:36:015,influential
00:14:37:007,man
00:14:37:013,in
00:14:37:017,London
00:14:38:000,has
00:14:38:004,passed
00:14:38:011,through
00:14:38:013,your
00:14:38:017,doors
00:14:38:022,at
00:14:39:002,least
00:14:39:008,"once,"
00:14:40:006,usually
00:14:40:014,wearing
00:14:40:021,a
00:14:41:002,"hood,"
00:14:41:014,a
00:14:41:016,fake
00:14:41:021,"name,"
00:14:42:008,and
00:14:42:009,enough
00:14:42:014,guilt
00:14:42:021,to
00:14:43:003,sink
00:14:43:008,a
00:14:43:011,cathedral.
00:14:44:012,The
00:14:44:016,higher
00:14:44:021,the
00:14:45:002,"rank,"
00:14:45:014,the
00:14:45:016,lower
00:14:45:021,the
00:14:46:001,behaviour.
00:14:47:003,Juke's
00:14:47:013,ask
00:14:47:017,for
00:14:47:021,purification
00:14:48:014,while
00:14:48:020,doing
00:14:49:002,things
00:14:49:010,that
00:14:49:015,would
00:14:49:019,traumatise
00:14:50:010,livestock.
00:14:50:021,Bishops
00:14:51:018,swear
00:14:52:006,they're
00:14:52:013,here
00:14:52:018,for
00:14:53:000,"inspection,"
00:14:54:003,which
00:14:54:007,is
00:14:54:010,impressive
00:14:54:021,considering
00:14:55:009,they
00:14:55:014,show
00:14:55:019,up
00:14:55:023,without
00:14:56:004,pants.
00:14:57:007,King's
00:14:57:020,cousins
00:14:58:002,beg
00:14:58:009,for
00:14:58:013,privacy
00:14:58:023,as
00:14:59:009,if
00:14:59:011,the
00:14:59:015,whole
00:14:59:018,city
00:15:00:003,doesn't
00:15:00:011,already
00:15:00:017,know
00:15:00:022,what
00:15:01:000,they
00:15:01:004,like
00:15:01:010,done
00:15:01:016,with
00:15:02:000,honey.
00:15:03:000,You
00:15:03:003,manipulate
00:15:03:012,men
00:15:03:022,the
00:15:04:002,way
00:15:04:005,spiders
00:15:04:016,manipulate
00:15:05:002,"flies,"
00:15:06:007,"gently,"
00:15:07:003,"sweetly,"
00:15:07:019,and
00:15:07:021,with
00:15:08:000,the
00:15:08:003,sincere
00:15:08:012,understanding
00:15:09:006,that
00:15:09:012,they
00:15:09:015,will
00:15:09:018,absolutely
00:15:10:010,tie
00:15:10:018,themselves
00:15:11:001,up
00:15:11:010,if
00:15:11:013,you
00:15:11:015,give
00:15:11:018,them
00:15:11:023,rope
00:15:12:004,and
00:15:12:008,compliments.
00:15:13:012,If
00:15:13:017,a
00:15:13:020,noble
00:15:14:004,threatens
00:15:14:015,"you,"
00:15:15:007,you
00:15:15:009,simply
00:15:15:020,remind
00:15:16:005,him
00:15:16:011,the
00:15:16:014,position
00:15:16:023,he
00:15:17:002,begged
00:15:17:007,for
00:15:17:012,while
00:15:17:018,crying
00:15:18:002,into
00:15:18:010,your
00:15:18:013,mattress.
00:15:19:011,If
00:15:19:014,a
00:15:19:016,merchant
00:15:20:002,demands
00:15:20:012,"discounts,"
00:15:21:010,you
00:15:21:012,casually
00:15:21:020,mention
00:15:22:004,his
00:15:22:009,wife's
00:15:22:018,name
00:15:22:021,and
00:15:23:001,the
00:15:23:004,fact
00:15:23:008,that
00:15:23:015,Lavender
00:15:23:023,isn't
00:15:24:010,a
00:15:24:012,natural
00:15:24:020,smell
00:15:25:002,for
00:15:25:009,a
00:15:25:011,man's
00:15:25:018,groin.
00:15:26:019,If
00:15:26:023,a
00:15:27:001,bishop
00:15:27:010,tightens
00:15:27:023,"ordinances,"
00:15:28:022,you
00:15:29:000,let
00:15:29:004,a
00:15:29:007,rumour
00:15:29:015,slip
00:15:29:021,that
00:15:30:001,he
00:15:30:005,prefers
00:15:30:011,redheads
00:15:30:023,with
00:15:31:004,grip
00:15:31:009,strength
00:15:31:017,that
00:15:32:002,could
00:15:32:007,crack
00:15:32:013,walnuts.
00:15:33:022,You
00:15:34:000,don't
00:15:34:005,need
00:15:34:010,"armies,"
00:15:35:003,you
00:15:35:006,have
00:15:35:009,secrets.
00:15:36:010,Whispers
00:15:36:019,that
00:15:37:000,could
00:15:37:003,destroy
00:15:37:011,reputations
00:15:38:002,faster
00:15:38:012,than
00:15:38:018,an
00:15:38:021,unexpected
00:15:39:007,rash.
00:15:40:012,Confessions
00:15:41:000,whispered
00:15:41:012,in
00:15:41:015,the
00:15:41:018,dark
00:15:42:000,that
00:15:42:005,you
00:15:42:012,store
00:15:42:016,like
00:15:42:021,"gold,"
00:15:43:019,"names,"
00:15:44:007,"desires,"
00:15:45:000,"cries,"
00:15:45:012,"kinks,"
00:15:46:006,"stains,"
00:15:46:022,every
00:15:47:006,detail
00:15:47:016,of
00:15:47:022,a
00:15:47:023,loaded
00:15:48:005,weapon.
00:15:49:006,You've
00:15:49:013,delayed
00:15:49:018,"treaties,"
00:15:50:019,secured
00:15:51:001,"loans,"
00:15:51:023,ruined
00:15:52:002,"marriages,"
00:15:53:001,saved
00:15:53:005,"girls,"
00:15:54:001,started
00:15:54:009,"scandals,"
00:15:55:007,ended
00:15:55:013,blackmail
00:15:56:001,"plots,"
00:15:56:018,and
00:15:56:021,balanced
00:15:57:005,half
00:15:57:012,of
00:15:57:018,London
00:15:58:000,on
00:15:58:004,the
00:15:58:007,tippy
00:15:58:013,-o
00:15:58:017,"-tongue,"
00:15:59:010,metaphorically
00:16:00:001,and
00:16:00:006,sometimes
00:16:00:016,literally.
00:16:01:019,Men
00:16:02:000,rule
00:16:02:007,kingdoms
00:16:02:016,with
00:16:03:000,"swords,"
00:16:03:020,you
00:16:03:023,rule
00:16:04:004,them
00:16:04:009,with
00:16:04:012,information
00:16:05:001,wrapped
00:16:05:008,in
00:16:05:013,silken
00:16:05:023,"sin,"
00:16:06:016,and
00:16:06:021,history
00:16:07:007,it
00:16:07:021,will
00:16:08:000,paint
00:16:08:005,you
00:16:08:011,as
00:16:08:014,a
00:16:08:017,"joke,"
00:16:09:007,a
00:16:09:008,"sinner,"
00:16:09:023,a
00:16:10:000,wicked
00:16:10:009,woman.
00:16:10:017,But
00:16:11:009,in
00:16:11:013,your
00:16:11:017,own
00:16:11:022,"time,"
00:16:12:015,you
00:16:12:017,were
00:16:12:020,the
00:16:12:023,most
00:16:13:004,dangerous
00:16:13:016,creature
00:16:14:000,in
00:16:14:009,the
00:16:14:012,"city,"
00:16:15:004,a
00:16:15:006,woman
00:16:15:012,who
00:16:15:017,knew
00:16:15:022,the
00:16:16:002,truth
00:16:16:010,about
00:16:16:018,men.
00:16:17:014,This
00:16:17:018,was
00:16:18:000,all
00:16:18:005,until
00:16:18:012,your
00:16:18:017,downfall
00:16:19:007,came.
00:16:21:008,Chapter
00:16:21:017,9
00:16:22:005,The
00:16:22:015,Cooking
00:16:22:023,Stool
00:16:23:012,Medieval
00:16:24:006,Torture
00:16:24:018,by
00:16:25:001,Dunk
00:16:25:009,Tank
00:16:26:011,Imagine
00:16:27:001,a
00:16:27:009,carnival
00:16:27:021,dunk
00:16:28:004,"tank,"
00:16:28:019,but
00:16:28:022,instead
00:16:29:006,of
00:16:29:011,laughing
00:16:29:014,"children,"
00:16:30:009,it's
00:16:30:014,furious
00:16:31:000,"housewives,"
00:16:31:022,and
00:16:32:002,instead
00:16:32:008,of
00:16:32:013,a
00:16:32:014,"clown,"
00:16:33:006,it's
00:16:33:011,you
00:16:33:016,strapped
00:16:34:004,into
00:16:34:011,a
00:16:34:014,wooden
00:16:34:019,chair
00:16:35:003,smelling
00:16:35:012,like
00:16:35:018,"fear,"
00:16:36:012,"sweat,"
00:16:36:021,and
00:16:37:000,every
00:16:37:012,sin
00:16:37:019,you've
00:16:38:003,ever
00:16:38:009,facilitated.
00:16:39:017,Welcome
00:16:40:005,to
00:16:40:013,your
00:16:40:020,day
00:16:41:003,on
00:16:41:014,the
00:16:41:019,cooking
00:16:42:002,stall.
00:16:43:001,It
00:16:43:009,doesn't
00:16:43:015,take
00:16:43:019,much
00:16:44:001,to
00:16:44:007,earn
00:16:44:010,a
00:16:44:013,"ride,"
00:16:45:001,maybe
00:16:45:005,one
00:16:45:009,of
00:16:45:011,your
00:16:45:015,girls
00:16:45:023,helped
00:16:46:006,her
00:16:46:010,lover
00:16:46:014,sneak
00:16:46:021,"out,"
00:16:47:013,maybe
00:16:47:017,you
00:16:48:000,accidentally
00:16:48:019,charged
00:16:49:009,extra
00:16:49:019,for
00:16:50:000,a
00:16:50:003,room
00:16:50:008,that
00:16:50:012,groaned
00:16:51:000,like
00:16:51:003,a
00:16:51:007,dying
00:16:51:014,ox.
00:16:52:007,Maybe
00:16:52:012,the
00:16:52:019,bishop's
00:16:53:007,board
00:16:53:011,and
00:16:53:015,needs
00:16:53:019,something
00:16:54:004,new
00:16:54:011,to
00:16:54:015,get
00:16:54:018,stiff
00:16:55:001,about.
00:16:55:020,Whatever
00:16:56:002,the
00:16:56:009,"reason,"
00:16:57:004,guards
00:16:57:012,drag
00:16:57:019,you
00:16:57:023,out
00:16:58:004,like
00:16:58:008,a
00:16:58:012,"criminal,"
00:16:59:002,even
00:16:59:008,though
00:16:59:012,half
00:16:59:019,the
00:17:00:000,crowd
00:17:00:006,was
00:17:00:012,in
00:17:00:014,your
00:17:00:018,house
00:17:01:000,last
00:17:01:005,week
00:17:01:012,begging
00:17:01:020,for
00:17:02:000,the
00:17:02:003,two
00:17:02:008,for
00:17:02:012,one
00:17:02:015,special.
00:17:03:009,They
00:17:03:012,strap
00:17:03:020,you
00:17:04:001,into
00:17:04:006,a
00:17:04:011,chair
00:17:04:015,that's
00:17:04:022,absorbed
00:17:05:005,more
00:17:05:012,filth
00:17:05:022,in
00:17:06:000,your
00:17:06:005,sheets
00:17:06:012,and
00:17:06:018,march
00:17:07:000,you
00:17:07:006,through
00:17:07:010,the
00:17:07:013,streets.
00:17:07:021,Huts!
00:17:08:008,Husbands
00:17:08:020,pretend
00:17:09:004,they've
00:17:09:012,never
00:17:09:016,seen
00:17:09:022,you
00:17:10:001,naked.
00:17:10:022,Their
00:17:11:000,wives
00:17:11:009,throw
00:17:11:015,rotten
00:17:11:023,vegetables
00:17:12:008,like
00:17:12:015,their
00:17:12:018,training
00:17:13:001,for
00:17:13:006,the
00:17:13:009,"synalympics,"
00:17:14:011,children
00:17:14:016,"laugh,"
00:17:15:010,dogs
00:17:15:014,"bark,"
00:17:16:004,and
00:17:16:006,someone
00:17:16:014,throws
00:17:16:020,underwear.
00:17:17:018,You
00:17:17:020,pray
00:17:18:002,it
00:17:18:006,was
00:17:18:009,washed.
00:17:19:005,Then
00:17:19:012,comes
00:17:20:000,the
00:17:20:004,dunk.
00:17:20:023,They
00:17:21:001,lower
00:17:21:006,you
00:17:21:012,into
00:17:21:020,the
00:17:22:001,"water,"
00:17:22:022,which
00:17:23:001,is
00:17:23:005,not
00:17:23:008,"water,"
00:17:23:020,but
00:17:23:022,a
00:17:24:001,bubbling
00:17:24:007,soup
00:17:24:015,of
00:17:24:018,everything
00:17:25:003,in
00:17:25:007,the
00:17:25:010,Thames
00:17:25:015,"rejected,"
00:17:26:014,"feces,"
00:17:27:007,dead
00:17:27:010,rats
00:17:27:015,and
00:17:27:022,diseases
00:17:28:006,so
00:17:28:014,advanced
00:17:28:021,they
00:17:29:003,haven't
00:17:29:007,been
00:17:29:010,discovered
00:17:29:020,yet.
00:17:30:015,You're
00:17:30:021,dunked
00:17:31:005,once!
00:17:32:001,The
00:17:32:003,crowd
00:17:32:009,cheers.
00:17:33:008,Twice
00:17:33:017,the
00:17:34:004,smell
00:17:34:013,crawls
00:17:35:007,into
00:17:35:012,your
00:17:35:017,soul
00:17:35:023,and
00:17:36:003,sets
00:17:36:008,up
00:17:36:014,furniture.
00:17:37:012,"Thrice,"
00:17:38:008,your
00:17:38:013,lungs
00:17:38:022,pray
00:17:39:008,for
00:17:39:014,death.
00:17:40:016,They
00:17:40:023,call
00:17:41:005,it
00:17:41:011,"correction,"
00:17:42:013,but
00:17:42:018,for
00:17:42:023,you
00:17:43:005,it's
00:17:43:020,a
00:17:44:001,bath
00:17:44:010,satan
00:17:45:003,would
00:17:45:011,refuse.
00:17:46:016,The
00:17:46:019,bishop
00:17:47:002,nods
00:17:47:013,like
00:17:47:017,he
00:17:48:000,feels
00:17:48:013,"bad,"
00:17:49:006,even
00:17:49:011,though
00:17:49:015,he's
00:17:49:019,probably
00:17:50:003,hard
00:17:50:010,under
00:17:50:017,his
00:17:50:020,"robes,"
00:17:51:010,but
00:17:51:012,the
00:17:51:016,bishop
00:17:52:001,isn't
00:17:52:010,your
00:17:52:013,only
00:17:52:019,"problem,"
00:17:53:010,it's
00:17:53:014,how
00:17:53:017,your
00:17:53:022,life
00:17:54:005,is
00:17:54:010,ending.
00:17:55:008,Chapter
00:17:55:017,10
00:17:56:008,How
00:17:56:021,Your
00:17:57:003,Life
00:17:57:010,Ends
00:17:59:001,No
00:17:59:011,matter
00:17:59:019,how
00:18:00:001,sharp
00:18:00:009,your
00:18:00:015,"tongue,"
00:18:01:006,how
00:18:01:009,many
00:18:01:015,lords
00:18:02:001,you
00:18:02:005,bent
00:18:02:009,over
00:18:02:018,a
00:18:02:021,barrel
00:18:03:004,or
00:18:03:008,how
00:18:03:012,many
00:18:03:016,bishops
00:18:04:001,ships
00:18:04:005,you
00:18:04:007,caught
00:18:04:012,with
00:18:04:015,their
00:18:04:019,robes
00:18:05:004,around
00:18:05:009,their
00:18:05:014,"ankles,"
00:18:06:008,your
00:18:06:010,story
00:18:06:022,doesn't
00:18:07:010,end
00:18:07:015,with
00:18:07:020,gold
00:18:08:003,or
00:18:08:010,glory.
00:18:09:006,It
00:18:09:010,ends
00:18:09:018,the
00:18:09:022,way
00:18:10:002,every
00:18:10:015,brothel
00:18:11:001,madams
00:18:11:009,life
00:18:11:015,"ends,"
00:18:12:010,"quietly,"
00:18:13:007,"cheaply,"
00:18:14:000,and
00:18:14:002,with
00:18:14:006,no
00:18:14:013,one
00:18:14:018,grabbing
00:18:15:000,your
00:18:15:005,hand
00:18:15:009,dramatically
00:18:15:019,like
00:18:16:003,in
00:18:16:007,the
00:18:16:010,plays.
00:18:17:008,You
00:18:17:011,don't
00:18:17:015,even
00:18:17:021,get
00:18:18:000,a
00:18:18:003,velvet
00:18:18:010,"coffin,"
00:18:19:005,you
00:18:19:006,don't
00:18:19:011,get
00:18:19:014,"choirs,"
00:18:20:006,you
00:18:20:008,don't
00:18:20:015,even
00:18:20:021,get
00:18:21:002,the
00:18:21:007,bishop
00:18:21:012,pretending
00:18:21:023,you
00:18:22:003,didn't
00:18:22:009,once
00:18:22:014,beg
00:18:22:021,you
00:18:22:023,for
00:18:23:001,the
00:18:23:004,position
00:18:23:012,that
00:18:23:016,made
00:18:23:020,him
00:18:24:000,see
00:18:24:004,God
00:18:24:010,twice.
00:18:25:008,Your
00:18:25:012,death
00:18:25:019,is
00:18:26:004,boring!
00:18:27:000,Maybe
00:18:27:004,it's
00:18:27:010,"fever,"
00:18:28:001,maybe
00:18:28:006,it's
00:18:28:015,lung
00:18:28:020,rock
00:18:29:000,from
00:18:29:007,inhaling
00:18:29:016,30
00:18:30:001,years
00:18:30:007,of
00:18:30:010,candle
00:18:30:016,smoke
00:18:31:000,and
00:18:31:004,other
00:18:31:008,people's
00:18:31:018,"groans,"
00:18:31:023,homes.
00:18:32:011,Maybe
00:18:32:018,it's
00:18:33:001,a
00:18:33:003,disease
00:18:33:009,you
00:18:33:014,ignored
00:18:33:021,because
00:18:34:004,you
00:18:34:008,couldn't
00:18:34:013,afford
00:18:34:019,another
00:18:35:000,day
00:18:35:007,without
00:18:35:012,someone
00:18:35:020,paying
00:18:36:004,to
00:18:36:010,use
00:18:36:013,the
00:18:36:017,furniture
00:18:37:002,like
00:18:37:014,its
00:18:37:020,battle
00:18:38:000,equipment.
00:18:39:000,Or
00:18:39:006,maybe
00:18:39:013,you
00:18:39:019,just
00:18:40:000,lie
00:18:40:004,down
00:18:40:011,one
00:18:40:016,night
00:18:40:022,after
00:18:41:005,decades
00:18:41:015,of
00:18:41:022,screaming
00:18:42:006,"girls,"
00:18:43:006,moaning
00:18:43:011,"clients,"
00:18:44:013,exploding
00:18:44:019,bed
00:18:45:002,"frames,"
00:18:45:021,leaking
00:18:46:001,"men,"
00:18:46:022,burning
00:18:47:006,"disease,"
00:18:48:000,and
00:18:48:004,a
00:18:48:007,bishop
00:18:48:013,who
00:18:48:019,never
00:18:49:001,once
00:18:49:010,knocked
00:18:49:018,politely.
00:18:50:023,Your
00:18:51:003,body
00:18:51:010,simply
00:18:51:021,taps
00:18:52:002,out
00:18:52:010,"like,"
00:18:52:020,"nope,"
00:18:53:009,I'm
00:18:53:012,"done,"
00:18:53:023,you
00:18:54:002,deal
00:18:54:008,with
00:18:54:012,your
00:18:54:016,own
00:18:54:022,fluids.
00:18:56:000,No
00:18:56:007,family
00:18:56:016,claims
00:18:57:002,"you,"
00:18:57:015,no
00:18:57:018,love
00:18:58:001,risks
00:18:58:010,being
00:18:58:017,seen
00:18:59:000,with
00:18:59:005,your
00:18:59:010,corpse.
00:19:00:012,Your
00:19:00:014,girls
00:19:00:023,bury
00:19:01:005,you
00:19:01:012,only
00:19:01:021,if
00:19:02:001,they
00:19:02:004,can
00:19:02:007,scrape
00:19:02:012,coins
00:19:02:021,"together,"
00:19:03:015,otherwise
00:19:03:022,you're
00:19:04:005,tossed
00:19:04:009,into
00:19:04:016,the
00:19:04:020,same
00:19:05:001,pit
00:19:05:005,as
00:19:05:010,every
00:19:05:015,dead
00:19:05:021,Winchester
00:19:06:015,"goose,"
00:19:07:010,layered
00:19:07:014,like
00:19:07:021,sinful
00:19:08:008,lasagna
00:19:08:021,in
00:19:09:002,an
00:19:09:004,unmarked
00:19:09:017,grave.
00:19:10:018,Within
00:19:11:002,days
00:19:11:013,they
00:19:11:019,replace
00:19:12:002,"you,"
00:19:12:017,your
00:19:12:020,ledger
00:19:13:005,"erased,"
00:19:14:001,your
00:19:14:003,secrets
00:19:14:012,"buried,"
00:19:15:007,your
00:19:15:010,name
00:19:15:015,forgotten
00:19:16:004,like
00:19:16:010,a
00:19:16:013,royal
00:19:16:019,sex
00:19:17:003,scandal.
00:19:18:004,The
00:19:18:009,bishop
00:19:18:016,denies
00:19:19:003,you
00:19:19:007,existed
00:19:19:017,and
00:19:19:022,history
00:19:20:006,reduces
00:19:20:016,you
00:19:20:023,to
00:19:21:002,a
00:19:21:005,joke
00:19:21:011,whispered
00:19:22:005,by
00:19:22:008,men
00:19:22:015,who
00:19:22:019,never
00:19:23:001,deserved
00:19:23:011,you.
00:19:24:006,But
00:19:24:013,for
00:19:24:020,one
00:19:25:003,"filthy,"
00:19:25:023,furious
00:19:26:010,slice
00:19:26:016,of
00:19:26:022,"time,"
00:19:27:006,you
00:19:27:020,were
00:19:28:001,the
00:19:28:004,woman
00:19:28:010,who
00:19:28:015,ran
00:19:28:019,England's
00:19:29:007,libido
00:19:29:014,like
00:19:29:019,a
00:19:29:023,one
00:19:30:003,woman
00:19:30:011,"government,"
00:19:31:008,and
00:19:31:015,without
00:19:31:020,"you,"
00:19:32:013,half
00:19:32:016,the
00:19:32:021,city
00:19:33:004,would
00:19:33:009,have
00:19:33:012,died
00:19:33:016,a
00:19:33:020,virgin.
00:19:35:000,And
00:19:35:010,there
00:19:35:015,you
00:19:35:018,have
00:19:35:023,"it,"
00:19:36:006,my
00:19:36:007,beautifully
00:19:36:021,corrupted
00:19:37:011,"subjects,"
00:19:38:010,the
00:19:38:012,"full,"
00:19:39:008,"filthy,"
00:19:39:023,soul
00:19:40:006,-crushing
00:19:40:014,story
00:19:41:003,of
00:19:41:008,what
00:19:41:012,it
00:19:41:016,really
00:19:42:001,meant
00:19:42:009,to
00:19:42:013,be
00:19:42:016,a
00:19:42:018,brothel
00:19:43:002,"madem,"
00:19:43:015,just
00:19:43:020,a
00:19:44:000,woman
00:19:44:008,holding
00:19:44:016,together
00:19:45:002,the
00:19:45:007,city's
00:19:45:020,dirtiest
00:19:46:006,secrets
00:19:46:016,with
00:19:47:000,cheap
00:19:47:005,"wine,"
00:19:48:003,sharp
00:19:48:006,wit
00:19:48:013,and
00:19:48:022,sheer
00:19:49:006,survival
00:19:49:020,instinct.
00:19:50:006,So
00:19:51:004,tell
00:19:51:014,me
00:19:51:020,my
00:19:52:000,loyal
00:19:52:006,"degenerates,"
00:19:53:008,would
00:19:53:010,you
00:19:53:017,survive
00:19:54:002,one
00:19:54:010,day
00:19:54:014,as
00:19:54:018,a
00:19:54:020,"madam,"
00:19:55:010,or
00:19:55:012,would
00:19:55:016,you
00:19:55:020,repent
00:19:56:008,the
00:19:56:021,moment
00:19:57:006,the
00:19:57:011,bishop
00:19:57:016,asked
00:19:58:000,you
00:19:58:007,for
00:19:58:012,rent
00:19:58:017,and
00:19:58:021,forgiveness
00:19:59:006,in
00:19:59:012,the
00:19:59:014,same
00:19:59:021,breath?
00:20:00:016,Drop
00:20:00:022,your
00:20:01:005,confessions
00:20:01:018,in
00:20:02:000,the
00:20:02:002,"comments,"
00:20:03:000,sacrifice
00:20:03:011,a
00:20:03:019,"like,"
00:20:04:012,offer
00:20:04:018,up
00:20:05:000,a
00:20:05:002,subscribe
00:20:05:015,because
00:20:06:005,this
00:20:06:012,isn't
00:20:06:020,a
00:20:06:023,request.
00:20:07:018,It's
00:20:08:000,a
00:20:08:002,holy
00:20:08:008,command
00:20:08:016,from
00:20:09:000,your
00:20:09:007,"king,"
00:20:09:021,crappy.
